txt_subreddit,ctr_subreddit,txt_obs_per_baseline,ctr_obs_per_baseline,txt_obs_per_novote,ctr_obs_per_novote,txt_avg_counter_argument_structure,txt_avg_emotional_language,txt_avg_you_in_the_epicenter,txt_avg_empathy_reciprocity,txt_avg_generalized_call,txt_avg_situational_call_for_action,txt_avg_collective_rhetoric,txt_avg_ungrounded_argument,ctr_avg_counter_argument_structure,ctr_avg_emotional_language,ctr_avg_you_in_the_epicenter,ctr_avg_empathy_reciprocity,ctr_avg_generalized_call,ctr_avg_situational_call_for_action,ctr_avg_collective_rhetoric,ctr_avg_ungrounded_argument,correlation
unpopularopinion,moderatepolitics,612169,82099,151280,3796,0.264041272,0.117232276,0.001727898,0.090952204,0.017342315,0.012660014,0.032236577,0.071679248,0.313555891,0.03754794,0.002148008,0.065078419,0.023769067,0.041477899,0.048679579,0.037747722,0.913980384
unpopularopinion,union,612169,1573,151280,101,0.264041272,0.117232276,0.001727898,0.090952204,0.017342315,0.012660014,0.032236577,0.071679248,0.12572488,0.050577185,0.003905709,0.084582518,0.015144373,0.10982069,0.068725696,0.034305879,0.594726942
unpopularopinion,democrats,612169,202160,151280,11350,0.264041272,0.117232276,0.001727898,0.090952204,0.017342315,0.012660014,0.032236577,0.071679248,0.228316563,0.063335984,0.004229767,0.040626183,0.0177336,0.026648295,0.033066686,0.062431872,0.962461985
unpopularopinion,raisedbynarcissists,612169,2211251,151280,69635,0.264041272,0.117232276,0.001727898,0.090952204,0.017342315,0.012660014,0.032236577,0.071679248,0.106598649,0.102183512,0.00235749,0.122517981,0.005932937,0.049245361,0.0311692,0.026697606,0.725385536
unpopularopinion,conservatives,612169,115676,151280,2816,0.264041272,0.117232276,0.001727898,0.090952204,0.017342315,0.012660014,0.032236577,0.071679248,0.269486392,0.048870931,0.002632366,0.041544365,0.02378045,0.030670676,0.037217488,0.053759133,0.935660059
unpopularopinion,Liberal,612169,163558,151280,4928,0.264041272,0.117232276,0.001727898,0.090952204,0.017342315,0.012660014,0.032236577,0.071679248,0.246888681,0.074161131,0.003498945,0.05157923,0.022424303,0.028907665,0.039549872,0.060990127,0.9710366
unpopularopinion,antiwar,612169,5434,151280,151,0.264041272,0.117232276,0.001727898,0.090952204,0.017342315,0.012660014,0.032236577,0.071679248,0.183086884,0.06024604,0.00518185,0.049281289,0.035789468,0.019561607,0.051752464,0.073870641,0.952619615
unpopularopinion,Good_Cop_Free_Donut,612169,13953,151280,167,0.264041272,0.117232276,0.001727898,0.090952204,0.017342315,0.012660014,0.032236577,0.071679248,0.16191767,0.124498309,0.003990034,0.057240332,0.020071872,0.012895319,0.021627193,0.054017657,0.952931256
unpopularopinion,PoliticalDiscussion,612169,1791185,151280,37809,0.264041272,0.117232276,0.001727898,0.090952204,0.017342315,0.012660014,0.032236577,0.071679248,0.307202201,0.031661643,0.002912912,0.050521643,0.034758362,0.050897645,0.052347027,0.040632135,0.888364786
unpopularopinion,uspolitics,612169,42987,151280,1656,0.264041272,0.117232276,0.001727898,0.090952204,0.017342315,0.012660014,0.032236577,0.071679248,0.21387093,0.084978407,0.003926195,0.031591336,0.019770403,0.021485074,0.026443706,0.07733256,0.96462606
unpopularopinion,Marxism,612169,8382,151280,241,0.264041272,0.117232276,0.001727898,0.090952204,0.017342315,0.012660014,0.032236577,0.071679248,0.230229377,0.031695923,0.001606084,0.063891745,0.030240397,0.036384416,0.015139241,0.071041846,0.922012196
unpopularopinion,privacy,612169,382208,151280,19113,0.264041272,0.117232276,0.001727898,0.090952204,0.017342315,0.012660014,0.032236577,0.071679248,0.345750064,0.033232919,0.002027493,0.036327822,0.02466956,0.030838857,0.010468283,0.04020705,0.910648132
unpopularopinion,AmericanPolitics,612169,29578,151280,892,0.264041272,0.117232276,0.001727898,0.090952204,0.017342315,0.012660014,0.032236577,0.071679248,0.257254128,0.077226588,0.00502068,0.031306367,0.020187849,0.023157506,0.035457572,0.073803541,0.956423461
unpopularopinion,censorship,612169,5881,151280,112,0.264041272,0.117232276,0.001727898,0.090952204,0.017342315,0.012660014,0.032236577,0.071679248,0.211069426,0.101322692,0.002633828,0.032192895,0.015414556,0.016669395,0.011524169,0.051203794,0.974547982
unpopularopinion,anonymous,612169,85113,151280,228,0.264041272,0.117232276,0.001727898,0.090952204,0.017342315,0.012660014,0.032236577,0.071679248,0.19713502,0.124738372,0.003236709,0.042916441,0.020027093,0.020671509,0.016190257,0.075317382,0.960540073
unpopularopinion,Libertarian,612169,2358064,151280,148940,0.264041272,0.117232276,0.001727898,0.090952204,0.017342315,0.012660014,0.032236577,0.071679248,0.283599623,0.061771722,0.003489438,0.046662368,0.034634765,0.03487671,0.03292307,0.063518907,0.943898065
unpopularopinion,humanrights,612169,2213,151280,24,0.264041272,0.117232276,0.001727898,0.090952204,0.017342315,0.012660014,0.032236577,0.071679248,0.183211228,0.060152705,0.00472467,0.063820556,0.027321143,0.027378706,0.022156916,0.044059976,0.979916419
unpopularopinion,911truth,612169,79026,151280,1021,0.264041272,0.117232276,0.001727898,0.090952204,0.017342315,0.012660014,0.032236577,0.071679248,0.328928932,0.046261037,0.001424643,0.040411154,0.016369565,0.009088771,0.010846952,0.048245633,0.940967813
unpopularopinion,afghanistan,612169,4696,151280,207,0.264041272,0.117232276,0.001727898,0.090952204,0.017342315,0.012660014,0.032236577,0.071679248,0.16037104,0.050513152,0.002282577,0.072006125,0.019272821,0.013727301,0.029751817,0.049222397,0.97759139
unpopularopinion,JoeBiden,612169,54,151280,2,0.264041272,0.117232276,0.001727898,0.090952204,0.017342315,0.012660014,0.032236577,0.071679248,0.142794337,0.095311103,0.000296766,0.015856592,0.013763107,0.039441084,2.64E-05,0.020127337,0.889496668
unpopularopinion,tsa,612169,6360,151280,252,0.264041272,0.117232276,0.001727898,0.090952204,0.017342315,0.012660014,0.032236577,0.071679248,0.217221453,0.062467599,0.001543401,0.05165659,0.019627733,0.04102787,0.014272992,0.038146694,0.958447048
unpopularopinion,obama,612169,73382,151280,136,0.264041272,0.117232276,0.001727898,0.090952204,0.017342315,0.012660014,0.032236577,0.071679248,0.211669525,0.086727125,0.003328479,0.039361849,0.019041144,0.02153291,0.03135008,0.06901534,0.977453807
unpopularopinion,Republican,612169,345432,151280,4773,0.264041272,0.117232276,0.001727898,0.090952204,0.017342315,0.012660014,0.032236577,0.071679248,0.237252682,0.044513844,0.003838908,0.04803054,0.022033153,0.030265739,0.042235791,0.049803147,0.938241043
unpopularopinion,Anarcho_Capitalism,612169,1662663,151280,25002,0.264041272,0.117232276,0.001727898,0.090952204,0.017342315,0.012660014,0.032236577,0.071679248,0.27239304,0.055615426,0.002183778,0.048079647,0.032775441,0.031433881,0.023275196,0.064165758,0.945187341
unpopularopinion,GreenParty,612169,16099,151280,242,0.264041272,0.117232276,0.001727898,0.090952204,0.017342315,0.012660014,0.032236577,0.071679248,0.198466931,0.038336852,0.006415384,0.064208068,0.031185478,0.067123375,0.043647185,0.041294557,0.881956481
unpopularopinion,Sunlight,612169,809,151280,7,0.264041272,0.117232276,0.001727898,0.090952204,0.017342315,0.012660014,0.032236577,0.071679248,0.177731468,0.036746097,0.002504042,0.046598655,0.023606557,0.035395127,0.022204955,0.064004135,0.93199753
unpopularopinion,AskALiberal,612169,100642,151280,17317,0.264041272,0.117232276,0.001727898,0.090952204,0.017342315,0.012660014,0.032236577,0.071679248,0.3464989,0.040909213,0.00170527,0.085674791,0.022611369,0.038196369,0.064321628,0.033232186,0.914117024
unpopularopinion,occupywallstreet,612169,399894,151280,527,0.264041272,0.117232276,0.001727898,0.090952204,0.017342315,0.012660014,0.032236577,0.071679248,0.212541247,0.073308337,0.007119384,0.050689225,0.029250452,0.04681099,0.041632278,0.059656774,0.961278276
unpopularopinion,trump,612169,15684,151280,450,0.264041272,0.117232276,0.001727898,0.090952204,0.017342315,0.012660014,0.032236577,0.071679248,0.20094308,0.088224433,0.005209238,0.041498392,0.017833634,0.013565599,0.033040626,0.064885157,0.983367764
unpopularopinion,racism,612169,33401,151280,739,0.264041272,0.117232276,0.001727898,0.090952204,0.017342315,0.012660014,0.032236577,0.071679248,0.188904902,0.066021837,0.001056732,0.082370447,0.007869866,0.017099808,0.054697574,0.0433928,0.968107804
unpopularopinion,me_irlgbt,612169,6401,151280,1303,0.264041272,0.117232276,0.001727898,0.090952204,0.017342315,0.012660014,0.032236577,0.071679248,0.12263775,0.136786164,0.001197238,0.069071866,0.018532867,0.003741357,0.013662801,0.115437482,0.778201508
unpopularopinion,progressive,612169,253230,151280,1547,0.264041272,0.117232276,0.001727898,0.090952204,0.017342315,0.012660014,0.032236577,0.071679248,0.22420487,0.070943574,0.004220232,0.044631846,0.024958657,0.034401589,0.037259193,0.065447267,0.9645332
unpopularopinion,LGBTnews,612169,13880,151280,442,0.264041272,0.117232276,0.001727898,0.090952204,0.017342315,0.012660014,0.032236577,0.071679248,0.159759167,0.10002669,0.002281438,0.065178603,0.013248706,0.017920928,0.028844132,0.069083842,0.978817141
unpopularopinion,MensRights,612169,2464916,151280,48883,0.264041272,0.117232276,0.001727898,0.090952204,0.017342315,0.012660014,0.032236577,0.071679248,0.265750617,0.098967141,0.001892257,0.078860671,0.015370406,0.027364908,0.045695248,0.054849661,0.989332713
unpopularopinion,iran,612169,150454,151280,2228,0.264041272,0.117232276,0.001727898,0.090952204,0.017342315,0.012660014,0.032236577,0.071679248,0.168585786,0.070930028,0.001852721,0.060025319,0.020361076,0.013130115,0.025998637,0.058724483,0.995686584
unpopularopinion,EndlessWar,612169,55543,151280,1038,0.264041272,0.117232276,0.001727898,0.090952204,0.017342315,0.012660014,0.032236577,0.071679248,0.181989879,0.059407118,0.003114636,0.032724887,0.040342218,0.011851595,0.043243225,0.092416981,0.91259589
unpopularopinion,PoliticalHumor,612169,1519118,151280,210184,0.264041272,0.117232276,0.001727898,0.090952204,0.017342315,0.012660014,0.032236577,0.071679248,0.243073053,0.098020441,0.00264495,0.043838741,0.017824745,0.012257524,0.025561405,0.082726061,0.979038354